db_path,target_experiment,run_id,cfg_hash,existing_identity_hash,computed_identity_hash,computed_identity_hash_migration_helper,classification,discrepancy_reason,status,start_time,end_time,config_file,config_file_source,identity_hash_legacy,flattened_field_count,differing_flattened_keys
/home/vlr/.local/share/Trash/files/outputs.11/mlflow.db,contopo,cf6c66e4459d4433827abcb4e35582d3,f7dedae58b77800b,,d892abbb58c10d01,d892abbb58c10d01,needs_backfill,missing_identity_hash,FINISHED,1773489443906,1773492473574,/home/vlr/.local/share/Trash/files/outputs.11/mlruns/cf6c66e4459d4433827abcb4e35582d3/artifacts/config/tmpwneennrh.yaml,fallback_root:/home/vlr/.local/share/Trash/files/outputs.11/mlruns,,37,[]
/home/vlr/.local/share/Trash/files/outputs.11/mlflow.db,contopo,2cb17b4c1e6a4bd7b77897c0414b4cbb,0a92fd0dd10406b6,,c3b7702f1bf4042f,c3b7702f1bf4042f,needs_backfill,missing_identity_hash,FINISHED,1773492475647,1773495866878,/home/vlr/.local/share/Trash/files/outputs.11/mlruns/2cb17b4c1e6a4bd7b77897c0414b4cbb/artifacts/config/tmpoe5_810x.yaml,fallback_root:/home/vlr/.local/share/Trash/files/outputs.11/mlruns,,37,[]
/home/vlr/.local/share/Trash/files/outputs.11/mlflow.db,contopo,6ef1d9c171b0401aa54027b4cd05eebc,647c171a3a0651b8,,971e6178ac2c006c,971e6178ac2c006c,needs_backfill,missing_identity_hash,FINISHED,1773495868920,1773500031366,/home/vlr/.local/share/Trash/files/outputs.11/mlruns/6ef1d9c171b0401aa54027b4cd05eebc/artifacts/config/tmpzsewsaya.yaml,fallback_root:/home/vlr/.local/share/Trash/files/outputs.11/mlruns,,37,[]
/home/vlr/.local/share/Trash/files/outputs.11/mlflow.db,contopo,e4ce9b3788e042539007417f6fbacc05,2ca8728751a761cc,,9d04a32c563879dd,9d04a32c563879dd,needs_backfill,missing_identity_hash,FINISHED,1773500033461,1773502967693,/home/vlr/.local/share/Trash/files/outputs.11/mlruns/e4ce9b3788e042539007417f6fbacc05/artifacts/config/tmp_ufjo71s.yaml,fallback_root:/home/vlr/.local/share/Trash/files/outputs.11/mlruns,,37,[]
/home/vlr/.local/share/Trash/files/outputs.17/mlflow.db,contopo,5c7d2b13b2564893a2d11d1b3784fd95,387e37991b0bad09,,38da434cfe9bda4f,38da434cfe9bda4f,needs_backfill,missing_identity_hash,FINISHED,1774021605030,1774021660660,/home/vlr/.local/share/Trash/files/outputs.17/mlruns/5c7d2b13b2564893a2d11d1b3784fd95/artifacts/config/tmpoqig7o9s.yaml,fallback_root:/home/vlr/.local/share/Trash/files/outputs.17/mlruns,,37,[]
/home/vlr/.local/share/Trash/files/outputs.17/mlflow.db,contopo,6ee8652c66e14598805665a308881172,eb6aa7e5f6128727,,605af184aa0cab2b,605af184aa0cab2b,needs_backfill,missing_identity_hash,FINISHED,1774021662877,1774021713350,/home/vlr/.local/share/Trash/files/outputs.17/mlruns/6ee8652c66e14598805665a308881172/artifacts/config/tmpi_gfl9q1.yaml,fallback_root:/home/vlr/.local/share/Trash/files/outputs.17/mlruns,,37,[]
/home/vlr/.local/share/Trash/files/outputs.17/mlflow.db,contopo,188d9d0a137246b9906f478022a6a293,87de7056e7a9e603,,9e817f1752082f15,9e817f1752082f15,needs_backfill,missing_identity_hash,FINISHED,1774021715561,1774021766350,/home/vlr/.local/share/Trash/files/outputs.17/mlruns/188d9d0a137246b9906f478022a6a293/artifacts/config/tmpcos2p3ik.yaml,fallback_root:/home/vlr/.local/share/Trash/files/outputs.17/mlruns,,37,[]
/home/vlr/.local/share/Trash/files/outputs.17/mlflow.db,contopo,376178976d5f4fa3acd72cd9193fa248,543513768626be81,,c71b745cb9f6000a,c71b745cb9f6000a,needs_backfill,missing_identity_hash,FINISHED,1774021768767,1774021819909,/home/vlr/.local/share/Trash/files/outputs.17/mlruns/376178976d5f4fa3acd72cd9193fa248/artifacts/config/tmpwbpsjwh5.yaml,fallback_root:/home/vlr/.local/share/Trash/files/outputs.17/mlruns,,37,[]
/home/vlr/.local/share/Trash/files/outputs.17/mlflow.db,contopo,5c0fd7304e2b41bfbce0796ddaadc7e7,15e3908236eddb6f,,8265e4d265711aad,8265e4d265711aad,needs_backfill,missing_identity_hash,FINISHED,1774180915297,1774180982307,/home/vlr/.local/share/Trash/files/outputs.17/mlruns/5c0fd7304e2b41bfbce0796ddaadc7e7/artifacts/config/tmpfqcr4cmh.yaml,fallback_root:/home/vlr/.local/share/Trash/files/outputs.17/mlruns,,37,[]
/home/vlr/.local/share/Trash/files/outputs.17/mlflow.db,contopo,6ad2dbe177364d9aa2adf31bbfc43762,19ed5af090678fe1,,7bdd89b58af6c00e,7bdd89b58af6c00e,needs_backfill,missing_identity_hash,FINISHED,1774180984462,1774181044943,/home/vlr/.local/share/Trash/files/outputs.17/mlruns/6ad2dbe177364d9aa2adf31bbfc43762/artifacts/config/tmplt9a5lof.yaml,fallback_root:/home/vlr/.local/share/Trash/files/outputs.17/mlruns,,37,[]
/home/vlr/.local/share/Trash/files/outputs.18/mlflow.db,contopo,a7665e94c7db46ec8a48eb91c4db47bd,15e3908236eddb6f,,8265e4d265711aad,8265e4d265711aad,needs_backfill,missing_identity_hash,FINISHED,1774181315987,1774181382225,/home/vlr/.local/share/Trash/files/outputs.18/mlruns/a7665e94c7db46ec8a48eb91c4db47bd/artifacts/config/tmpdb994j15.yaml,fallback_root:/home/vlr/.local/share/Trash/files/outputs.18/mlruns,,37,[]
/home/vlr/.local/share/Trash/files/outputs.18/mlflow.db,contopo,54c14e1cd41f4e178de31c9e53764903,19ed5af090678fe1,,7bdd89b58af6c00e,7bdd89b58af6c00e,needs_backfill,missing_identity_hash,FINISHED,1774181384355,1774181445009,/home/vlr/.local/share/Trash/files/outputs.18/mlruns/54c14e1cd41f4e178de31c9e53764903/artifacts/config/tmpu2dqwpow.yaml,fallback_root:/home/vlr/.local/share/Trash/files/outputs.18/mlruns,,37,[]
/home/vlr/.local/share/Trash/files/outputs.19/mlflow.db,contopo,1af89a5f71e244dda1f6d9be4307879b,15e3908236eddb6f,8265e4d265711aad,8265e4d265711aad,8265e4d265711aad,ok,existing_matches_training_computation,FINISHED,1774276656675,1774276723716,/home/vlr/.local/share/Trash/files/outputs.19/mlruns/1af89a5f71e244dda1f6d9be4307879b/artifacts/config/tmp8xq40bbf.yaml,fallback_root:/home/vlr/.local/share/Trash/files/outputs.19/mlruns,,37,[]
/home/vlr/.local/share/Trash/files/outputs.19/mlflow.db,contopo,4f3ff60663ad4d69a43cbb81342200cc,19ed5af090678fe1,7bdd89b58af6c00e,7bdd89b58af6c00e,7bdd89b58af6c00e,ok,existing_matches_training_computation,FINISHED,1774276725837,1774276786772,/home/vlr/.local/share/Trash/files/outputs.19/mlruns/4f3ff60663ad4d69a43cbb81342200cc/artifacts/config/tmprnmyskt9.yaml,fallback_root:/home/vlr/.local/share/Trash/files/outputs.19/mlruns,,37,[]
/home/vlr/.local/share/Trash/files/outputs.20/mlflow.db,contopo,c9146d5d09ad451b8a00cb7d5e4c7779,15e3908236eddb6f,8265e4d265711aad,8265e4d265711aad,8265e4d265711aad,ok,existing_matches_training_computation,FINISHED,1774283286687,1774283353216,/home/vlr/.local/share/Trash/files/outputs.20/mlruns/c9146d5d09ad451b8a00cb7d5e4c7779/artifacts/config/tmpj715i6qj.yaml,fallback_root:/home/vlr/.local/share/Trash/files/outputs.20/mlruns,,37,[]
/home/vlr/.local/share/Trash/files/outputs.20/mlflow.db,contopo,e68141d16dfc4ba9bc75e99837cce691,19ed5af090678fe1,7bdd89b58af6c00e,7bdd89b58af6c00e,7bdd89b58af6c00e,ok,existing_matches_training_computation,FINISHED,1774283355363,1774283415884,/home/vlr/.local/share/Trash/files/outputs.20/mlruns/e68141d16dfc4ba9bc75e99837cce691/artifacts/config/tmprnn5q7nf.yaml,fallback_root:/home/vlr/.local/share/Trash/files/outputs.20/mlruns,,37,[]
/home/vlr/.local/share/Trash/files/outputs.21/mlflow.db,contopo,e44ddf149ee74582a17874a33c28b55a,377b024214f84c07,0b67ed3726c854a2,0b67ed3726c854a2,0b67ed3726c854a2,ok,existing_matches_training_computation,FINISHED,1774355612753,1774355679970,/home/vlr/.local/share/Trash/files/outputs.21/mlruns/e44ddf149ee74582a17874a33c28b55a/artifacts/config/tmpvp0tom8o.yaml,fallback_root:/home/vlr/.local/share/Trash/files/outputs.21/mlruns,,36,[]
/home/vlr/.local/share/Trash/files/outputs.21/mlflow.db,contopo,8d3f4efde2dc40e4b797ba073a57e908,81851be100b3a2c3,30bc30e0a33b580e,30bc30e0a33b580e,30bc30e0a33b580e,ok,existing_matches_training_computation,FINISHED,1774355682117,1774355744288,/home/vlr/.local/share/Trash/files/outputs.21/mlruns/8d3f4efde2dc40e4b797ba073a57e908/artifacts/config/tmpsdr6iew6.yaml,fallback_root:/home/vlr/.local/share/Trash/files/outputs.21/mlruns,,36,[]
/home/vlr/.local/share/Trash/files/outputs.22/mlflow.db,contopo,0b9fad1eb146476dbd7b48f62dc49218,377b024214f84c07,0b67ed3726c854a2,0b67ed3726c854a2,0b67ed3726c854a2,ok,existing_matches_training_computation,FINISHED,1774356251167,1774356317172,/home/vlr/.local/share/Trash/files/outputs.22/mlruns/0b9fad1eb146476dbd7b48f62dc49218/artifacts/config/tmpxwfj5fjz.yaml,fallback_root:/home/vlr/.local/share/Trash/files/outputs.22/mlruns,,36,[]
/home/vlr/.local/share/Trash/files/outputs.22/mlflow.db,contopo,52a5ad8ea75c4d19af32a78300f82b7a,81851be100b3a2c3,30bc30e0a33b580e,30bc30e0a33b580e,30bc30e0a33b580e,ok,existing_matches_training_computation,FINISHED,1774356319343,1774356380284,/home/vlr/.local/share/Trash/files/outputs.22/mlruns/52a5ad8ea75c4d19af32a78300f82b7a/artifacts/config/tmp4h9rxag1.yaml,fallback_root:/home/vlr/.local/share/Trash/files/outputs.22/mlruns,,36,[]
/home/vlr/.local/share/Trash/files/outputs.25/mlflow.db,contopo,fcbfb259f1764ec9a235bcef2b2e5f13,377b024214f84c07,0b67ed3726c854a2,0b67ed3726c854a2,0b67ed3726c854a2,ok,existing_matches_training_computation,FINISHED,1774356768786,1774356826590,/home/vlr/.local/share/Trash/files/outputs.25/mlruns/fcbfb259f1764ec9a235bcef2b2e5f13/artifacts/config/tmpsx08glr3.yaml,fallback_root:/home/vlr/.local/share/Trash/files/outputs.25/mlruns,,36,[]
/home/vlr/.local/share/Trash/files/outputs.25/mlflow.db,contopo,2fb41d7ae1fb435ba48bad554ff004db,81851be100b3a2c3,30bc30e0a33b580e,30bc30e0a33b580e,30bc30e0a33b580e,ok,existing_matches_training_computation,FINISHED,1774356828791,1774356881320,/home/vlr/.local/share/Trash/files/outputs.25/mlruns/2fb41d7ae1fb435ba48bad554ff004db/artifacts/config/tmpz47hsqc4.yaml,fallback_root:/home/vlr/.local/share/Trash/files/outputs.25/mlruns,,36,[]
